{
  "frontend/vite.config.ts": 1774692104.520795,
  "frontend/src/App.tsx": 1775734141.3123314,
  "frontend/src/main.tsx": 1774692104.5179627,
  "frontend/src/vite-env.d.ts": 1774692104.5206792,
  "frontend/src/types/index.ts": 1775012898.9879665,
  "frontend/src/stores/index.ts": 1774859408.165642,
  "frontend/src/utils/clipboard.ts": 1774956293.4052973,
  "frontend/src/utils/formatFileSize.ts": 1775012898.988034,
  "frontend/src/utils/theme.ts": 1774692104.5206325,
  "frontend/src/components/AgentBayLivePanel.tsx": 1775734141.3136973,
  "frontend/src/components/LinearCopyButton.tsx": 1775135915.2269049,
  "frontend/src/components/TakeControlPanel.tsx": 1775734141.3156967,
  "frontend/src/components/ConfirmModal.tsx": 1774692104.5171332,
  "frontend/src/components/MarkdownRenderer.tsx": 1775790226.851652,
  "frontend/src/components/PromptModal.tsx": 1774692104.5173638,
  "frontend/src/components/ChannelConfig.tsx": 1775184857.6710517,
  "frontend/src/components/PermissionModal.tsx": 1775790226.8519487,
  "frontend/src/components/ErrorBoundary.tsx": 1774692104.517175,
  "frontend/src/components/FileBrowser.tsx": 1774692104.5172384,
  "frontend/src/i18n/index.ts": 1775012898.9845233,
  "frontend/src/pages/Plaza.tsx": 1774859408.1652312,
  "frontend/src/pages/OpenClawSettings.tsx": 1775135915.2500923,
  "frontend/src/pages/Login.tsx": 1775135915.2494469,
  "frontend/src/pages/Dashboard.tsx": 1774692104.518897,
  "frontend/src/pages/CompanySetup.tsx": 1775734141.318495,
  "frontend/src/pages/UserManagement.tsx": 1775135915.2516353,
  "frontend/src/pages/AgentDetail.tsx": 1775790226.8528688,
  "frontend/src/pages/EnterpriseSettings.tsx": 1775734141.3190298,
  "frontend/src/pages/AdminCompanies.tsx": 1775135915.2296336,
  "frontend/src/pages/InvitationCodes.tsx": 1774859408.1640282,
  "frontend/src/pages/Layout.tsx": 1775790226.8535702,
  "frontend/src/pages/SSOEntry.tsx": 1775135915.2507095,
  "frontend/src/pages/Messages.tsx": 1774692104.519852,
  "frontend/src/pages/Chat.tsx": 1775790226.8533194,
  "frontend/src/pages/PlatformDashboard.tsx": 1774956293.405089,
  "frontend/src/pages/VerifyEmail.tsx": 1775012898.9876,
  "frontend/src/pages/AgentCreate.tsx": 1775135915.2343066,
  "frontend/src/services/api.ts": 1775734141.3208466,
  "workspace/Chat.tsx": 1775790226.860187,
  "clawith_acp/server.py": 1775790226.8497405,
  "backend/update_schema.py": 1774956293.4015427,
  "backend/seed.py": 1774859408.1601608,
  "backend/remove_old_tool.py": 1775135915.2180736,
  "backend/app/config.py": 1775790226.8404496,
  "backend/app/database.py": 1774692104.5063634,
  "backend/app/__init__.py": 1774692104.5031006,
  "backend/app/main.py": 1775790226.8412874,
  "backend/app/core/logging_config.py": 1774859408.1510031,
  "backend/app/core/events.py": 1774692104.50611,
  "backend/app/core/security.py": 1775790226.8408325,
  "backend/app/core/__init__.py": 1774692104.5060477,
  "backend/app/core/email.py": 1775184857.6664965,
  "backend/app/core/permissions.py": 1774859408.1512926,
  "backend/app/core/middleware.py": 1775197371.0840542,
  "backend/app/plugins/__init__.py": 1775790226.8421052,
  "backend/app/plugins/base.py": 1775790226.8422978,
  "backend/app/plugins/clawith_acp/__init__.py": 1775790226.8427625,
  "backend/app/plugins/clawith_acp/router.py": 1775794627.4711506,
  "backend/app/plugins/clawith_mcp/tools.py": 1775790226.8450685,
  "backend/app/plugins/clawith_mcp/__init__.py": 1775790226.8436813,
  "backend/app/plugins/clawith_mcp/openai_compat.py": 1775790226.8442256,
  "backend/app/plugins/clawith_mcp/mcp_endpoint.py": 1775790226.843983,
  "backend/app/plugins/clawith_mcp/router.py": 1775790226.8446298,
  "backend/app/plugins/clawith_mcp/server_stdio.py": 1775790226.8448367,
  "backend/app/models/skill.py": 1774692104.5075667,
  "backend/app/models/user.py": 1775790226.8418581,
  "backend/app/models/task.py": 1774692104.5076978,
  "backend/app/models/gateway_message.py": 1774692104.507046,
  "backend/app/models/org.py": 1774859408.1519473,
  "backend/app/models/tenant.py": 1774859408.1520762,
  "backend/app/models/audit.py": 1774692104.5068686,
  "backend/app/models/channel_config.py": 1774859408.1516824,
  "backend/app/models/notification.py": 1774692104.5072095,
  "backend/app/models/published_page.py": 1774692104.5074425,
  "backend/app/models/__init__.py": 1774692104.5065477,
  "backend/app/models/llm.py": 1775135915.2096233,
  "backend/app/models/chat_session.py": 1774692104.50699,
  "backend/app/models/invitation_code.py": 1774692104.5070953,
  "backend/app/models/activity_log.py": 1774692104.5066073,
  "backend/app/models/participant.py": 1774692104.5073347,
  "backend/app/models/agent.py": 1775794627.4682167,
  "backend/app/models/system_settings.py": 1774692104.507632,
  "backend/app/models/schedule.py": 1774692104.507491,
  "backend/app/models/identity.py": 1774859408.1517472,
  "backend/app/models/tool.py": 1774859408.152179,
  "backend/app/models/tenant_setting.py": 1774692104.5078032,
  "backend/app/models/plaza.py": 1774692104.5073886,
  "backend/app/models/trigger.py": 1774692104.5079017,
  "backend/app/schemas/__init__.py": 1774692104.5080101,
  "backend/app/schemas/schemas.py": 1775794627.463645,
  "backend/app/scripts/migrate_schedules_to_triggers.py": 1774859408.1527073,
  "backend/app/scripts/cleanup_duplicate_feishu_users.py": 1774859408.1525667,
  "backend/app/api/auth.py": 1775734141.2932096,
  "backend/app/api/advanced.py": 1774692104.503394,
  "backend/app/api/files.py": 1774692104.5041919,
  "backend/app/api/gateway.py": 1775734141.2959652,
  "backend/app/api/dingtalk.py": 1775734141.2943985,
  "backend/app/api/tasks.py": 1774692104.505112,
  "backend/app/api/triggers.py": 1774692104.5054567,
  "backend/app/api/skills.py": 1775184857.665623,
  "backend/app/api/upload.py": 1774692104.5055306,
  "backend/app/api/sso.py": 1775135915.2075465,
  "backend/app/api/users.py": 1775790226.8397126,
  "backend/app/api/discord_bot.py": 1775734141.2947164,
  "backend/app/api/organization.py": 1775012898.976904,
  "backend/app/api/notification.py": 1775135915.206261,
  "backend/app/api/tools.py": 1775184857.6660383,
  "backend/app/api/teams.py": 1775734141.298159,
  "backend/app/api/activity.py": 1774692104.5032532,
  "backend/app/api/__init__.py": 1774692104.503153,
  "backend/app/api/agents.py": 1775135915.2049725,
  "backend/app/api/pages.py": 1774692104.5046384,
  "backend/app/api/admin.py": 1775012898.9753428,
  "backend/app/api/messages.py": 1774692104.5043468,
  "backend/app/api/feishu.py": 1775734141.295453,
  "backend/app/api/enterprise.py": 1775734141.2949831,
  "backend/app/api/chat_sessions.py": 1775790018.6314776,
  "backend/app/api/webhooks.py": 1774692104.505705,
  "backend/app/api/tenants.py": 1775734141.2990263,
  "backend/app/api/atlassian.py": 1774859408.1471395,
  "backend/app/api/plaza.py": 1774692104.5047476,
  "backend/app/api/slack.py": 1775734141.297607,
  "backend/app/api/wecom.py": 1775734141.300472,
  "backend/app/api/relationships.py": 1775734141.2966301,
  "backend/app/api/schedules.py": 1774692104.5048718,
  "backend/app/api/agentbay_control.py": 1775734141.292661,
  "backend/app/api/websocket.py": 1775790226.840145,
  "backend/app/services/system_email_service.py": 1775184857.6686845,
  "backend/app/services/timezone_utils.py": 1774692104.5138602,
  "backend/app/services/feishu_service.py": 1775734141.3053606,
  "backend/app/services/org_sync_adapter.py": 1775734141.3074305,
  "backend/app/services/enterprise_sync.py": 1774692104.5097303,
  "backend/app/services/tool_seeder.py": 1775734141.3088064,
  "backend/app/services/registration_service.py": 1775734141.3081732,
  "backend/app/services/auth_provider.py": 1775734141.3042629,
  "backend/app/services/channel_session.py": 1774692104.5094175,
  "backend/app/services/notification_service.py": 1774692104.510336,
  "backend/app/services/wecom_stream.py": 1775184857.6691747,
  "backend/app/services/auth_registry.py": 1775012898.9803257,